{
  "code": 1,
  "msg": "获取成功day",
  "data": {
    "list": [
      {
        "id": 5258,
        "uuid": "3bc127ca-1c00-46be-b6c4-e57c30cda22d",
        "is_essence": 0,
        "title": "Gm刺激战场845处理器专用版稳到飞上天",
        "publish_time": "2018-11-16 01:40:30",
        "cover_img": "\/static\/cover\/da4a4db8fd5de27436f5423739667107.jpeg",
        "qq": "97969078",
        "nick": "〔Gm〕久绊",
        "content": "<p class=\"\" style=\"\">Gm刺激战场845处理器专用版稳到飞上天<\/p><p class=\"\" style=\"\">自用845处理器+vpn防封，稳到车都飞上天<\/p><p>免费脚本更新群：949809850<br\/><\/p>",
        "name": "游戏辅助",
        "day_views": 476241,
        "week_views": 476241,
        "month_views": 476241,
        "all_views": 476241,
        "data_class": "软件",
        "file_name": "Gmcjzc845clqzybwdfst_20181116014030.zip",
        "down_link": "Gmcjzc845clqzybwdfst_20181116014030.zip",
        "sky_link": "https:\/\/www.lanzous.com\/i2dtyyh",
        "likes": 64
      }
    ]
  }
}