{
  "code": 1,
  "msg": "获取成功",
  "data": {
    "id": 3210,
    "uuid": "fb71356a-8ada-49f7-8de4-e4386f947a66",
    "is_essence": 0,
    "title": "运动助手 一键修改QQ、微信步数必备神器",
    "publish_time": "2018-10-03 00:05:18",
    "cover_img": "\/static\/cover\/e6f30a9328a89c82374103bd6b07adb1.jpeg",
    "qq": "1464164",
    "nick": "一梦    ʚ",
    "content": "<p>软件名称：运动助手_国庆特别版<\/p><p>好多老铁都反馈说运动的软件失效了，给大家更新一下<\/p><p>一键快速修改，QQ和微信的步数都可以使用，必备神器<\/p><p>足不出户就可以拥有几万步的步数，让你每天占据好友榜第一名<\/p>",
    "name": "网络软件",
    "day_views": 1832,
    "week_views": 1832,
    "month_views": 1832,
    "all_views": 1832,
    "data_class": "软件",
    "file_name": "ydzsyjxgQQwxbsbbsq_20181003000518.apk",
    "down_link": "ydzsyjxgQQwxbsbbsq_20181003000518.apk",
    "sky_link": "https:\/\/www.lanzous.com\/i20a9cd",
    "likes": 1
  }
}