{
  "code": 1,
  "msg": "获取成功",
  "data": {
    "list": [
      {
        "id": 6448,
        "uuid": "6258fabf-c893-4630-a355-7ccd652a2442",
        "is_essence": 0,
        "title": "腾讯应用宝领取春运无门槛火车票红包 最高领取999元",
        "publish_time": "2018-12-15 02:11:58",
        "cover_img": "\/static\/cover\/5afa467e841bf5b1e46b3585891bcf18.jpeg",
        "qq": "1006756330",
        "nick": "瑾霖",
        "name": "活动线报",
        "day_views": 27,
        "week_views": 27,
        "month_views": 27,
        "all_views": 27,
        "data_class": "文章",
        "file_name": null,
        "down_link": null,
        "sky_link": "",
        "likes": 0
      }
    ],
    "count": 2365,
    "pages": 91,
    "now_page": "1",
    "last_publish_time": "2018-12-15 02:11:58"
  }
}